	Erzya	Galician	Basque	Maghrebi_Arabic_French	Japanese	Moksha	Hindi	Naija	Finnish	Croatian	Buryat	Kirghiz	Maltese	Estonian	Hebrew	Kazakh	North_Sámi	German	Turkish	Belarusian	Lithuanian	Greek	Slovak	Wolof	Ukrainian	Vietnamese	Turkish_German	Serbian	Danish	Telugu	Catalan	Spanish	Korean	French	Italian	Uyghur	Arabic	Norwegian_(Nynorsk)	Urdu	Kurmanji	Welsh	Romanian	Dutch	Komi_Zyrian	Chinese_(Simplified)	Chinese_(Traditional)	Polish	Tamil	Hungarian	Russian	Persian_(Farsi)	Czech	Indonesian	Latvian	Icelandic	Afrikaans	Portuguese	Slovenian	English	Irish	Swedish	Ligurian	Marathi	Norwegian_(Bokmal)	Bulgarian	Armenian	Latin
Erzya	1.0	0.008086253369272238	0.008086253369272238	0.008086253369272238	0.009433962264150943	0.11725067385444744	0.005390835579514825	0.006738544474393531	0.00876010781671159	0.00876010781671159	0.07951482479784366	0.2398921832884097	0.009433962264150943	0.00876010781671159	0.006738544474393531	0.1347708894878706	0.008086253369272238	0.008086253369272238	0.00876010781671159	0.4750673854447439	0.00876010781671159	0.009433962264150943	0.007412398921832884	0.01078167115902965	0.5963611859838275	0.00876010781671159	0.005390835579514825	0.008086253369272238	0.00876010781671159	0.006738544474393531	0.007412398921832884	0.00876010781671159	0.005390835579514825	0.010107816711590296	0.009433962264150943	0.008086253369272238	0.00876010781671159	0.010107816711590296	0.006064690026954178	0.005390835579514825	0.008086253369272238	0.01078167115902965	0.008086253369272238	0.0673854447439353	0.0047169811320754715	0.0047169811320754715	0.00876010781671159	0.007412398921832884	0.008086253369272238	0.6610512129380054	0.006064690026954178	0.00876010781671159	0.009433962264150943	0.010107816711590296	0.006064690026954178	0.008086253369272238	0.005390835579514825	0.010107816711590296	0.009433962264150943	0.00876010781671159	0.008086253369272238	0.0047169811320754715	0.006064690026954178	0.010107816711590296	0.5579514824797843	0.008086253369272238	0.0047169811320754715
Galician	0.002626970227670753	1.0	0.15521015761821366	0.19133099824868652	0.06436077057793345	0.0010945709281961471	0.005035026269702277	0.1690017513134851	0.1376970227670753	0.1845446584938704	0.0008756567425569177	0.0037215411558669	0.18936077057793346	0.1510507880910683	0.013791593695271453	0.0035026269702276708	0.14338879159369528	0.12171628721541156	0.11952714535901926	0.03590192644483362	0.17600700525394045	0.01948336252189142	0.1228108581436077	0.1263134851138354	0.013572679509632224	0.04268826619964974	0.09500875656742556	0.172723292469352	0.13922942206654992	0.004159369527145359	0.31589316987740806	0.45271453590192645	0.007224168126094571	0.19680385288966726	0.22788966725043783	0.009413309982486864	0.01816987740805604	0.1293782837127846	0.013353765323992994	0.01948336252189142	0.12215411558669002	0.2613835376532399	0.1234676007005254	0.0010945709281961471	0.028458844133099823	0.028458844133099823	0.14185639229422067	0.012697022767075307	0.1628721541155867	0.0148861646234676	0.006348511383537653	0.16396672504378285	0.18191768826619964	0.159369527145359	0.11317863397548161	0.12302977232924693	0.2526269702276708	0.17140980735551664	0.11558669001751314	0.14448336252189142	0.125	0.020577933450087564	0.0017513134851138354	0.13266199649737304	0.012040280210157617	0.011821366024518389	0.14470227670753064
Basque	0.004313443565780014	0.2548526240115025	1.0	0.3058950395398993	0.08447160316319195	0.0025161754133716753	0.006829618979151689	0.23220704529115743	0.2685118619698059	0.2907979870596693	0.002156721782890007	0.006470165348670022	0.3109273903666427	0.2713874910136592	0.019410496046010063	0.004672897196261682	0.26455787203450754	0.20668583752695902	0.2124370956146657	0.05391804457225018	0.2728253055355859	0.02480230050323508	0.18260244428468728	0.20956146657081237	0.01653486700215672	0.05176132278936017	0.18835370237239396	0.2728253055355859	0.2336448598130841	0.007548526240115025	0.27929547088425594	0.29906542056074764	0.009705248023005032	0.22106398274622574	0.23292595255212079	0.011502516175413372	0.020129403306973402	0.21890726096333574	0.015456506110711718	0.037742631200575125	0.1901509705248023	0.306254493170381	0.20848310567936737	0.0025161754133716753	0.036304816678648454	0.036304816678648454	0.23005032350826743	0.01509705248023005	0.25988497483824585	0.017613227893601726	0.009705248023005032	0.22322070452911574	0.3188353702372394	0.26024442846872753	0.17145938173975558	0.198058950395399	0.17828900071890727	0.2818116462976276	0.15276779295470885	0.18655643421998563	0.198058950395399	0.024083393242271746	0.0035945363048166786	0.22573687994248742	0.014018691588785047	0.012940330697340043	0.1531272465851905
Maghrebi_Arabic_French	0.0030714102892244687	0.22370104939851548	0.2178141796775019	1.0	0.07192219093933964	0.0017916560020476069	0.003839262861530586	0.27796263117481446	0.24468901970821602	0.2523675454312772	0.0015357051446122344	0.005119017148707448	0.3217302277962631	0.25364729971845407	0.013053493729203993	0.0028154594317890964	0.24622472485282826	0.17762989506014845	0.20424878423342718	0.051702073201945226	0.23675454312771949	0.019708216022523675	0.18249296135142054	0.22216534425390325	0.012285641156897875	0.05605323777834656	0.1881238802149987	0.2318914768364474	0.2262605579728692	0.005119017148707448	0.2495520859994881	0.25185564371640645	0.007934476580496544	0.3265932940875352	0.21320706424366523	0.010749936012285641	0.017404658305605322	0.2060404402354748	0.014589198873816227	0.0399283337599181	0.21320706424366523	0.25851036600972616	0.19426670079344766	0.0017916560020476069	0.02661888917327873	0.02661888917327873	0.21269516252879447	0.009982083439979524	0.24596877399539288	0.013053493729203993	0.008958280010238035	0.23547478884054263	0.28103404146403893	0.23086767340670591	0.18198105963654979	0.2032249808036857	0.16457640133094445	0.25287944714614796	0.17046327105195802	0.2039928333759918	0.20066547222933198	0.027386741745584847	0.0017916560020476069	0.2050166368057333	0.010493985154850269	0.011005886869721013	0.1438443818786793
Japanese	0.0029479890503263844	0.06190777005685408	0.04948410191619288	0.059170351652979576	1.0	0.0016845651716150768	0.0052642661612971155	0.05285323225942304	0.060223204885238996	0.0629606232891135	0.0014739945251631922	0.0052642661612971155	0.07138344914718889	0.05137923773425984	0.020425352705832806	0.0035797009896820385	0.03937671088650242	0.0753842914297747	0.059170351652979576	0.043588123815540114	0.06759317751105495	0.024005053695514846	0.02926931985681196	0.0465361128658665	0.01558222783743946	0.027795325331648767	0.03095388502842704	0.05180037902716361	0.05895978100652769	0.0033691303432301536	0.0629606232891135	0.062118340703305956	0.013476521372920615	0.07327858496525584	0.045062118340703304	0.011791956201305537	0.02547904822067804	0.043588123815540114	0.016635081069698885	0.01010739102969046	0.04000842282585808	0.06380290587492103	0.045904400926510845	0.0016845651716150768	0.25963360707517374	0.3270162139397768	0.049273531269740996	0.016213939776795114	0.05285323225942304	0.014318803958728154	0.00779111391871973	0.05895978100652769	0.08865024215624343	0.05053695514845231	0.026321330806485577	0.047378395451674035	0.03958728153295431	0.06548747104653611	0.0642240471678248	0.05369551484523057	0.04295641187618446	0.006527690040008423	0.0018951358180669614	0.04253527058328069	0.016424510423247	0.015792798483891344	0.01831964624131396
Moksha	0.93048128342246	0.026737967914438502	0.0374331550802139	0.0374331550802139	0.0427807486631016	1.0	0.03208556149732621	0.03208556149732621	0.0427807486631016	0.0374331550802139	0.22994652406417113	0.5187165775401069	0.0427807486631016	0.0427807486631016	0.03208556149732621	0.3048128342245989	0.0427807486631016	0.0374331550802139	0.0427807486631016	0.6417112299465241	0.0374331550802139	0.0374331550802139	0.0374331550802139	0.0427807486631016	0.7593582887700535	0.0427807486631016	0.0374331550802139	0.0427807486631016	0.0374331550802139	0.0374331550802139	0.03208556149732621	0.0427807486631016	0.03208556149732621	0.0374331550802139	0.0374331550802139	0.03208556149732621	0.03208556149732621	0.0427807486631016	0.03208556149732621	0.03208556149732621	0.0427807486631016	0.0427807486631016	0.0427807486631016	0.2620320855614973	0.03208556149732621	0.03208556149732621	0.0427807486631016	0.0374331550802139	0.0427807486631016	0.7914438502673797	0.0213903743315508	0.0427807486631016	0.0427807486631016	0.0427807486631016	0.0374331550802139	0.0374331550802139	0.0374331550802139	0.0427807486631016	0.0427807486631016	0.0427807486631016	0.0374331550802139	0.0374331550802139	0.0374331550802139	0.0427807486631016	0.7754010695187166	0.03208556149732621	0.026737967914438502
Hindi	0.006855184233076264	0.01970865467009426	0.016281062553556127	0.012853470437017995	0.021422450728363324	0.005141388174807198	1.0	0.00856898029134533	0.015424164524421594	0.016281062553556127	0.004284490145672665	0.006855184233076264	0.01970865467009426	0.017994858611825194	0.013710368466152529	0.007712082262210797	0.013710368466152529	0.01713796058269066	0.02056555269922879	0.017994858611825194	0.01970865467009426	0.015424164524421594	0.00856898029134533	0.01456726649528706	0.015424164524421594	0.015424164524421594	0.005998286203941731	0.015424164524421594	0.01713796058269066	0.006855184233076264	0.017994858611825194	0.01713796058269066	0.010282776349614395	0.01970865467009426	0.016281062553556127	0.011139674378748929	0.015424164524421594	0.016281062553556127	0.013710368466152529	0.00856898029134533	0.013710368466152529	0.01970865467009426	0.015424164524421594	0.005141388174807198	0.016281062553556127	0.016281062553556127	0.015424164524421594	0.016281062553556127	0.01713796058269066	0.012853470437017995	0.005998286203941731	0.01456726649528706	0.015424164524421594	0.017994858611825194	0.00856898029134533	0.015424164524421594	0.009425878320479864	0.018851756640959727	0.017994858611825194	0.016281062553556127	0.015424164524421594	0.005998286203941731	0.3453299057412168	0.01713796058269066	0.012853470437017995	0.011139674378748929	0.006855184233076264
Naija	0.002340276152586005	0.1806693189796396	0.15118183945705593	0.25415399017084017	0.05874093142990873	0.001404165691551603	0.002340276152586005	1.0	0.16124502691317574	0.19073250643575942	0.0011701380762930026	0.0025743037678446056	0.2312192838754973	0.16756377252515797	0.0016381933068102036	0.001872220922068804	0.16943599344722676	0.15562836414696934	0.1394804586941259	0.03276386613620407	0.16358530306576177	0.009829159840861221	0.12567282939386848	0.16264919260472735	0.005382635150947812	0.03978469459396209	0.14416101099929793	0.16732974490989938	0.186285981745846	0.00468055230517201	0.20547624619705127	0.19798736250877605	0.00444652468991341	0.21741165457523987	0.1741165457523988	0.002340276152586005	0.0021062485373274046	0.16030891645214135	0.0025743037678446056	0.030189562368359468	0.15422419845541774	0.21717762695998127	0.16498946875731335	0.001404165691551603	0.014743739761291832	0.014743739761291832	0.15913877837584836	0.001872220922068804	0.15913877837584836	0.005382635150947812	0.002340276152586005	0.16007488883688276	0.2237304001872221	0.15937280599110695	0.12731102270067868	0.15164989468757314	0.12637491223964428	0.182775567516967	0.3126608939854903	0.1429908729230049	0.15211794991809033	0.02176456821904985	0.001404165691551603	0.16732974490989938	0.002808331383103206	0.0030423589983618066	0.12169435993447227
Finnish	0.003651685393258427	0.17668539325842697	0.2098314606741573	0.26853932584269663	0.08033707865168539	0.0022471910112359553	0.0050561797752808986	0.19353932584269662	1.0	0.24775280898876403	0.001966292134831461	0.0053370786516853935	0.2648876404494382	0.349438202247191	0.013764044943820225	0.0044943820224719105	0.28202247191011237	0.175561797752809	0.17640449438202246	0.04719101123595506	0.2637640449438202	0.021910112359550562	0.1691011235955056	0.19803370786516855	0.014887640449438203	0.048033707865168536	0.1592696629213483	0.22724719101123594	0.20898876404494382	0.005898876404494382	0.2002808988764045	0.19887640449438201	0.010112359550561797	0.199438202247191	0.18033707865168538	0.009831460674157303	0.018258426966292134	0.2157303370786517	0.015168539325842697	0.032303370786516857	0.1598314606741573	0.21629213483146068	0.1646067415730337	0.0022471910112359553	0.03258426966292135	0.03258426966292135	0.18567415730337078	0.014887640449438203	0.23258426966292134	0.015168539325842697	0.007303370786516854	0.21348314606741572	0.26657303370786517	0.24410112359550562	0.18651685393258427	0.19410112359550563	0.1294943820224719	0.24241573033707864	0.1205056179775281	0.16235955056179777	0.2042134831460674	0.023876404494382022	0.0028089887640449437	0.21629213483146068	0.014044943820224719	0.012078651685393259	0.12191011235955056
Croatian	0.0031761544099682387	0.20596139750794037	0.19765453212802345	0.24089909601759102	0.07305155142926949	0.0017102369899828977	0.004642071829953579	0.19912044954800878	0.2154898607378451	1.0	0.0014659174199853407	0.005130710969948693	0.26704129000732957	0.23381382848766186	0.01294893720987051	0.003909113119960909	0.23479110676765208	0.16027363791839727	0.16882482286831174	0.047886635719521134	0.2721720009772783	0.021988761299780113	0.23918885902760811	0.16784754458832152	0.015147813339848522	0.0395797703396042	0.1414610310285854	0.598094307354019	0.20547275836794526	0.004886391399951136	0.2081602736379184	0.22013193256779867	0.008306865379916931	0.19032494502809674	0.1866601514781334	0.009284143659907158	0.017102369899828978	0.19863181040801367	0.01294893720987051	0.03151722452968483	0.13999511360860004	0.2504275592474957	0.16027363791839727	0.0017102369899828977	0.027363791839726363	0.027363791839726363	0.23894453945761054	0.01221597849987784	0.21793305643782068	0.013193256779868068	0.006352308819936477	0.29782555582702175	0.24749572440752504	0.2665526508673345	0.14561446371854386	0.16638162716833618	0.13877351575861227	0.45101392621548986	0.12313706327876862	0.14170535059858294	0.17493281211825068	0.021011483019789886	0.002198876129978011	0.18788174932812118	0.011971658929880283	0.011727339359882726	0.11165404348888346
Buryat	0.6666666666666666	0.022598870056497175	0.03389830508474576	0.03389830508474576	0.03954802259887006	0.24293785310734464	0.02824858757062147	0.02824858757062147	0.03954802259887006	0.03389830508474576	1.0	0.536723163841808	0.03954802259887006	0.03954802259887006	0.02824858757062147	0.3050847457627119	0.03954802259887006	0.03389830508474576	0.03954802259887006	0.615819209039548	0.03389830508474576	0.03389830508474576	0.03954802259887006	0.03954802259887006	0.6214689265536724	0.03954802259887006	0.03389830508474576	0.03954802259887006	0.03389830508474576	0.03389830508474576	0.02824858757062147	0.03954802259887006	0.03389830508474576	0.03389830508474576	0.03389830508474576	0.02824858757062147	0.02824858757062147	0.03954802259887006	0.02824858757062147	0.02824858757062147	0.03954802259887006	0.03954802259887006	0.03954802259887006	0.2542372881355932	0.02824858757062147	0.02824858757062147	0.03954802259887006	0.03389830508474576	0.03954802259887006	0.655367231638418	0.022598870056497175	0.03954802259887006	0.03389830508474576	0.03954802259887006	0.03389830508474576	0.03389830508474576	0.03389830508474576	0.03954802259887006	0.03954802259887006	0.03954802259887006	0.03389830508474576	0.03389830508474576	0.03389830508474576	0.03954802259887006	0.5706214689265536	0.02824858757062147	0.022598870056497175
Kirghiz	0.5071225071225072	0.024216524216524215	0.02564102564102564	0.02849002849002849	0.03561253561253561	0.13817663817663817	0.011396011396011397	0.01566951566951567	0.027065527065527065	0.029914529914529916	0.13532763532763534	1.0	0.03276353276353276	0.029914529914529916	0.02564102564102564	0.22364672364672364	0.027065527065527065	0.02849002849002849	0.03133903133903134	0.47293447293447294	0.027065527065527065	0.027065527065527065	0.017094017094017096	0.029914529914529916	0.48005698005698005	0.027065527065527065	0.017094017094017096	0.027065527065527065	0.027065527065527065	0.011396011396011397	0.029914529914529916	0.029914529914529916	0.022792022792022793	0.029914529914529916	0.021367521367521368	0.022792022792022793	0.02564102564102564	0.02564102564102564	0.022792022792022793	0.01282051282051282	0.02564102564102564	0.029914529914529916	0.024216524216524215	0.1111111111111111	0.021367521367521368	0.021367521367521368	0.029914529914529916	0.022792022792022793	0.027065527065527065	0.5327635327635327	0.01282051282051282	0.03133903133903134	0.03276353276353276	0.02849002849002849	0.01566951566951567	0.027065527065527065	0.01566951566951567	0.029914529914529916	0.029914529914529916	0.027065527065527065	0.027065527065527065	0.011396011396011397	0.011396011396011397	0.027065527065527065	0.47435897435897434	0.021367521367521368	0.01566951566951567
Maltese	0.004120070629782225	0.25456150676868744	0.25456150676868744	0.36992348440258976	0.09976456739258387	0.002354326074161271	0.006768687463213655	0.290759270158917	0.27751618599175987	0.3216597998822837	0.0020600353148911123	0.006768687463213655	1.0	0.29281930547380813	0.014125956444967627	0.004708652148322542	0.2942907592701589	0.23513831665685697	0.2257210123602119	0.059152442613301943	0.29399646851088873	0.025309005297233667	0.20158917010005886	0.25014714537963506	0.016774573278399058	0.055915244261330196	0.2012948793407887	0.30047086521483224	0.2660388463802237	0.005885815185403178	0.2904649793996468	0.2692760447321954	0.009417304296645085	0.2663331371394938	0.27604473219540904	0.011477339611536198	0.0164802825191289	0.25250147145379637	0.015891701000588582	0.04384932313125368	0.19923484402589758	0.3022366097704532	0.21895232489699823	0.002354326074161271	0.03502060035314891	0.03502060035314891	0.2557386698057681	0.013243084167157151	0.26898175397292523	0.017068864037669218	0.006768687463213655	0.26486168334314303	0.3257798705120659	0.2987051206592113	0.20835785756327252	0.22748675691583284	0.17304296645085343	0.31636256621542086	0.18599175985874045	0.1912889935256033	0.24690994702766333	0.028251912889935255	0.002942907592701589	0.24896998234255444	0.012654502648616834	0.01353737492642731	0.16156562683931724
Estonian	0.004058694973462379	0.21542304089915704	0.23571651576646893	0.30939743990009366	0.07617858257883234	0.002497658445207618	0.006556353418669997	0.2235404308460818	0.3883858882297846	0.29878239150796126	0.0021854511395566654	0.006556353418669997	0.3106462691226975	1.0	0.014985950671245708	0.004683109584764283	0.32251014673743367	0.20949110209178895	0.2079300655635342	0.047767717764595694	0.29628473306275366	0.023415547923821417	0.1882610053075242	0.22791133312519513	0.015298157976896659	0.05120199812675617	0.19263190758663754	0.2778645020293475	0.2600686856072432	0.006868560724320949	0.25320012488292226	0.24320949110209178	0.011551670309085233	0.22291601623477988	0.20605682172962847	0.010615048392132375	0.01810802372775523	0.2463315641586013	0.011863877614736186	0.035279425538557604	0.16827973774586324	0.26256634405245083	0.21230096784264751	0.002497658445207618	0.029971901342491416	0.029971901342491416	0.21198876053699656	0.013424914142990947	0.2725569778332813	0.015922572588198562	0.00842959725257571	0.24008741804558226	0.30533874492663127	0.2990945988136122	0.21136434592569467	0.23946300343428037	0.15266937246331563	0.28473306275366844	0.13643459256946613	0.1876365906962223	0.24477052763034654	0.025913206369029034	0.0031220730565095223	0.24726818607555417	0.016546987199500467	0.013424914142990947	0.14267873868248518
Hebrew	0.004812319538017324	0.030317613089509143	0.02598652550529355	0.024542829643888354	0.04667949951876805	0.0028873917228103944	0.007699711260827719	0.003368623676612127	0.02358036573628489	0.02550529355149182	0.002406159769008662	0.008662175168431183	0.023099133782483156	0.023099133782483156	1.0	0.005774783445620789	0.020692974013474495	0.030798845043310877	0.029836381135707413	0.03320500481231954	0.02935514918190568	0.02358036573628489	0.006737247353224254	0.022617901828681425	0.02021174205967276	0.02213666987487969	0.004331087584215592	0.024542829643888354	0.024542829643888354	0.004331087584215592	0.030317613089509143	0.029836381135707413	0.013474494706448507	0.03128007699711261	0.024542829643888354	0.01588065447545717	0.02935514918190568	0.023099133782483156	0.02021174205967276	0.005774783445620789	0.017324350336862367	0.02743022136669875	0.019249278152069296	0.0028873917228103944	0.02935514918190568	0.02935514918190568	0.021174205967276226	0.022617901828681425	0.02406159769008662	0.01828681424446583	0.011549566891241578	0.026948989412897015	0.03128007699711261	0.023099133782483156	0.007218479307025986	0.025024061597690085	0.01395572666025024	0.02598652550529355	0.026948989412897015	0.020692974013474495	0.025024061597690085	0.0028873917228103944	0.004331087584215592	0.018768046198267566	0.02406159769008662	0.02213666987487969	0.011068334937439845
Kazakh	0.43859649122807015	0.03508771929824561	0.02850877192982456	0.02412280701754386	0.03728070175438596	0.125	0.019736842105263157	0.017543859649122806	0.03508771929824561	0.03508771929824561	0.11842105263157894	0.3442982456140351	0.03508771929824561	0.03289473684210526	0.02631578947368421	1.0	0.03070175438596491	0.03070175438596491	0.03070175438596491	0.4407894736842105	0.03289473684210526	0.03289473684210526	0.02412280701754386	0.03508771929824561	0.44298245614035087	0.03070175438596491	0.017543859649122806	0.03070175438596491	0.03289473684210526	0.021929824561403508	0.02850877192982456	0.03289473684210526	0.021929824561403508	0.039473684210526314	0.03728070175438596	0.03070175438596491	0.03289473684210526	0.03289473684210526	0.02850877192982456	0.019736842105263157	0.03289473684210526	0.041666666666666664	0.03289473684210526	0.1118421052631579	0.019736842105263157	0.019736842105263157	0.03289473684210526	0.02850877192982456	0.03289473684210526	0.43201754385964913	0.021929824561403508	0.02850877192982456	0.03728070175438596	0.03508771929824561	0.019736842105263157	0.03070175438596491	0.019736842105263157	0.03728070175438596	0.03508771929824561	0.02850877192982456	0.02631578947368421	0.015350877192982455	0.017543859649122806	0.03289473684210526	0.36622807017543857	0.03070175438596491	0.019736842105263157
North_Sámi	0.004405286343612335	0.24045521292217328	0.2701908957415565	0.35315712187958886	0.06864904552129222	0.002936857562408223	0.005873715124816446	0.2657856093979442	0.368575624082232	0.35279001468428783	0.0025697503671071953	0.0069750367107195305	0.3671071953010279	0.3792217327459618	0.0157856093979442	0.005139500734214391	1.0	0.21512481644640236	0.21696035242290748	0.04882525697503671	0.3223201174743025	0.025330396475770924	0.2610132158590308	0.2580763582966226	0.014684287812041116	0.06350954478707782	0.2092511013215859	0.32966226138032306	0.28707782672540383	0.007342143906020558	0.2654185022026432	0.27936857562408224	0.011380323054331865	0.2525697503671072	0.23311306901615272	0.011380323054331865	0.015418502202643172	0.2907488986784141	0.013215859030837005	0.04515418502202643	0.22246696035242292	0.3069016152716593	0.2261380323054332	0.002936857562408223	0.028634361233480177	0.028634361233480177	0.24155653450807635	0.012114537444933921	0.3392070484581498	0.015418502202643172	0.007342143906020558	0.30947136563876654	0.3392070484581498	0.3377386196769457	0.25844346549192365	0.24045521292217328	0.17474302496328928	0.33516886930983847	0.15308370044052863	0.2533039647577093	0.2599118942731278	0.031938325991189426	0.003303964757709251	0.2867107195301028	0.013582966226138032	0.010646108663729809	0.15748898678414097
German	0.0030015007503751876	0.13906953476738368	0.14382191095547775	0.17358679339669836	0.0895447723861931	0.0017508754377188595	0.0050025012506253125	0.16633316658329164	0.15632816408204103	0.16408204102051024	0.0015007503751875938	0.0050025012506253125	0.19984992496248125	0.16783391695847924	0.016008004002001	0.003501750875437719	0.14657328664332167	1.0	0.13981990995497748	0.04127063531765883	0.1520760380190095	0.02126063031515758	0.11105552776388194	0.12581290645322663	0.015007503751875938	0.03751875937968985	0.268384192096048	0.15382691345672836	0.1870935467733867	0.00400200100050025	0.15582791395697848	0.15457728864432216	0.009504752376188095	0.16258129064532267	0.1360680340170085	0.01025512756378189	0.017008504252126064	0.17083541770885444	0.012756378189094548	0.026763381690845422	0.1310655327663832	0.16708354177088544	0.16708354177088544	0.0017508754377188595	0.027763881940970486	0.027763881940970486	0.13981990995497748	0.012256128064032016	0.163831915957979	0.014007003501750876	0.007253626813406703	0.1508254127063532	0.19184592296148073	0.15632816408204103	0.12281140570285143	0.17483741870935468	0.10430215107553777	0.16058029014507252	0.12106053026513257	0.12456228114057029	0.16433216608304152	0.01725862931465733	0.0025012506253126563	0.1745872936468234	0.013256628314157078	0.01250625312656328	0.08054027013506754
Turkish	0.004927975739196361	0.20697498104624715	0.22403335860500379	0.3025018953752843	0.10652009097801364	0.003032600454890068	0.009097801364670205	0.2259287338893101	0.23805913570887036	0.26194086429112967	0.00265352539802881	0.008339651250947688	0.2907505686125853	0.25246398786959817	0.02350265352539803	0.00530705079605762	0.22403335860500379	0.21190295678544352	1.0	0.0640636846095527	0.23843821076573163	0.03070507960576194	0.17323730098559514	0.2100075815011372	0.022365428354814254	0.06520090978013647	0.3980288097043215	0.2494313874147081	0.23161485974222895	0.007202426080363912	0.23237300985595147	0.2293404094010614	0.014025777103866566	0.21607278241091737	0.18347232752084913	0.0155420773313116	0.02539802880970432	0.20849128127369218	0.019711902956785442	0.05155420773313116	0.17589082638362397	0.24905231235784686	0.18574677786201668	0.003032600454890068	0.045109931766489766	0.045109931766489766	0.19408642911296436	0.02084912812736922	0.2573919636087945	0.02084912812736922	0.010993176648976498	0.23199393479909022	0.29567854435178165	0.2517058377558757	0.18498862774829417	0.18802122820318423	0.14329037149355572	0.26156178923426837	0.15390447308567096	0.18157695223654283	0.21190295678544352	0.02843062926459439	0.0037907505686125853	0.22365428354814254	0.019711902956785442	0.018953752843062926	0.11410159211523882
Belarusian	0.3089395267309378	0.07186678352322524	0.06573181419807186	0.08851884312007012	0.09070990359333918	0.05258545135845749	0.009202453987730062	0.06134969325153374	0.0736196319018405	0.08588957055214724	0.047765118317265556	0.14548641542506574	0.0880806310254163	0.06704645048203331	0.030236634531113058	0.0880806310254163	0.05828220858895705	0.07230499561787905	0.0740578439964943	1.0	0.08282208588957055	0.028045574057843997	0.05127081507449606	0.06660823838737949	0.42725679228746716	0.03943908851884312	0.04250657318141981	0.07230499561787905	0.07624890446976336	0.006134969325153374	0.0775635407537248	0.08106923751095531	0.015337423312883436	0.08369851007887817	0.057843996494303246	0.017090271691498685	0.029360210341805432	0.06310254163014899	0.024101665205959685	0.02322524101665206	0.05565293602103418	0.0775635407537248	0.05828220858895705	0.04250657318141981	0.04119193689745837	0.04119193689745837	0.07186678352322524	0.02147239263803681	0.06967572304995617	0.4057843996494303	0.012269938650306749	0.08063102541630149	0.09246275197195443	0.07449605609114812	0.04513584574934268	0.06617002629272568	0.04864154250657318	0.08369851007887817	0.07887817703768624	0.07099035933391762	0.06441717791411043	0.011831726555652936	0.0043821209465381246	0.0635407537248028	0.32427695004382123	0.022787028921998246	0.03155127081507449
Lithuanian	0.004162664105027218	0.2574447646493756	0.2430355427473583	0.29618956131924434	0.10278578290105668	0.002241434518091579	0.007364713416586615	0.22382324687800192	0.30067243035542746	0.3567082933077169	0.0019212295869356388	0.006083893691962856	0.31988472622478387	0.3038744796669869	0.019532500800512328	0.004803073967339097	0.2811399295549151	0.1946845981428114	0.20140890169708614	0.06051873198847262	1.0	0.026256804354787062	0.23631123919308358	0.2017291066282421	0.01665065642010887	0.054114633365353826	0.17162984309958373	0.34069804674991994	0.2580851745116875	0.006404098623118796	0.26737111751520976	0.25872558437399934	0.009606147934678195	0.2292667307076529	0.21581812359910343	0.011847582452769772	0.021133525456292025	0.24751841178354148	0.01921229586935639	0.03650336215177714	0.18892090938200448	0.30227345501120717	0.19916746717899456	0.002241434518091579	0.03522254242715338	0.03522254242715338	0.26577009285943004	0.01633045148895293	0.2532821005443484	0.01825168107588857	0.008005123278898496	0.2974703810438681	0.30643611911623436	0.39865513928914503	0.2010886967659302	0.22478386167146974	0.16042267050912584	0.34390009606147937	0.14377201408901696	0.18315722062119758	0.22702529618956133	0.025296189561319245	0.002561639449247518	0.23599103426192763	0.01697086135126481	0.01440922190201729	0.15914185078450208
Greek	0.009433962264150943	0.05997304582210242	0.04649595687331536	0.05188679245283019	0.07681940700808626	0.0047169811320754715	0.012129380053908356	0.02830188679245283	0.05256064690026954	0.06064690026954178	0.004043126684636119	0.012803234501347708	0.057951482479784364	0.05053908355795148	0.0330188679245283	0.010107816711590296	0.04649595687331536	0.05727762803234501	0.0545822102425876	0.0431266846361186	0.05525606469002695	1.0	0.026954177897574125	0.05053908355795148	0.03032345013477089	0.03773584905660377	0.02358490566037736	0.05390835579514825	0.05121293800539083	0.006738544474393531	0.05997304582210242	0.05997304582210242	0.018867924528301886	0.06940700808625337	0.04986522911051213	0.02425876010781671	0.0431266846361186	0.04851752021563342	0.03234501347708895	0.01078167115902965	0.03975741239892183	0.05997304582210242	0.04380053908355795	0.0047169811320754715	0.0431266846361186	0.0431266846361186	0.04582210242587601	0.027628032345013476	0.05121293800539083	0.029649595687331536	0.016846361185983826	0.05121293800539083	0.07008086253369272	0.05390835579514825	0.02425876010781671	0.05121293800539083	0.02830188679245283	0.0545822102425876	0.05256064690026954	0.04784366576819407	0.04582210242587601	0.006064690026954178	0.006064690026954178	0.05188679245283019	0.03032345013477089	0.02628032345013477	0.0215633423180593
Slovak	0.00470286447199658	0.23984608807182556	0.2171868319794784	0.30483112441214194	0.05942710560068405	0.002992731936725096	0.004275331338178709	0.22958529286019666	0.2573749465583583	0.4185549380076956	0.002992731936725096	0.005130397605814451	0.29286019666524155	0.2578024796921761	0.005985463873450192	0.00470286447199658	0.3039760581445062	0.18982471141513468	0.195382642154767	0.050021376656690895	0.3155194527575887	0.017101325352714837	1.0	0.20008550662676358	0.010260795211628902	0.06968790081231295	0.1893971782813168	0.40615647712697733	0.24925181701581872	0.006412997007268063	0.23300555793073963	0.24454895254382214	0.007695596408721676	0.22573749465583584	0.19324497648567765	0.006412997007268063	0.006412997007268063	0.22402736212056434	0.007695596408721676	0.045318512184694314	0.19196237708422403	0.2659256092347157	0.19880290722530997	0.002992731936725096	0.017528858486532708	0.017528858486532708	0.3185121846943138	0.005985463873450192	0.3185121846943138	0.00983326207781103	0.005130397605814451	0.5468148781530568	0.26378794356562635	0.31338178708849934	0.22573749465583584	0.2039333048311244	0.168875587858059	0.4352287302265926	0.12954253954681488	0.2099187687045746	0.21462163317657118	0.033347584437793926	0.003420265070542967	0.23086789226165028	0.006840530141085934	0.006412997007268063	0.11928174433518597
Wolof	0.007579346281383231	0.27333017527238274	0.2761724301279015	0.41117953576504024	0.10468972051160587	0.0037896731406916154	0.008053055423969682	0.3292278540975841	0.3339649455234486	0.3254381809568925	0.0033159639981051635	0.00994789199431549	0.40265277119848414	0.3458076740881099	0.02226432970156324	0.007579346281383231	0.3330175272382757	0.2382756987209853	0.26243486499289437	0.0720037896731407	0.2984367598294647	0.035528185693983895	0.2216958787304595	1.0	0.02510658455708195	0.09332070108953103	0.24869729985788724	0.29512079583135953	0.2766461392704879	0.00994789199431549	0.2880151586925628	0.30175272382756985	0.015158692562766462	0.300805305542397	0.24538133585978208	0.01752723827569872	0.026527711984841308	0.2543818095689247	0.020843202273803884	0.0611084793936523	0.2444339175746092	0.310279488394126	0.2510658455708195	0.0037896731406916154	0.04026527711984841	0.04026527711984841	0.2880151586925628	0.02036949313121743	0.30601610611084795	0.025580293699668404	0.014211274277593557	0.2752250118427286	0.3822832780672667	0.29891046897205115	0.2543818095689247	0.2728564661297963	0.1980104216011369	0.3093320701089531	0.1980104216011369	0.23117006158218853	0.22832780672666983	0.03979156797726196	0.0047370914258645196	0.2600663192799621	0.01989578398863098	0.02179062055897679	0.16200852676456656
Ukrainian	0.2851159793814433	0.01997422680412371	0.014819587628865979	0.015463917525773196	0.02384020618556701	0.04574742268041237	0.005798969072164949	0.007409793814432989	0.017074742268041235	0.01997422680412371	0.035438144329896906	0.10856958762886598	0.01836340206185567	0.015786082474226804	0.013530927835051547	0.06507731958762887	0.01288659793814433	0.019329896907216496	0.019007731958762885	0.31411082474226804	0.01675257731958763	0.014497422680412372	0.007731958762886598	0.017074742268041235	1.0	0.013853092783505154	0.005798969072164949	0.01804123711340206	0.01610824742268041	0.0032216494845360823	0.019007731958762885	0.018685567010309278	0.008376288659793814	0.019652061855670103	0.015786082474226804	0.011597938144329897	0.01804123711340206	0.017074742268041235	0.012564432989690722	0.004510309278350515	0.01288659793814433	0.019329896907216496	0.013853092783505154	0.027061855670103094	0.01610824742268041	0.01610824742268041	0.01675257731958763	0.013530927835051547	0.017396907216494846	0.42912371134020616	0.007409793814432989	0.01675257731958763	0.019652061855670103	0.01804123711340206	0.006443298969072165	0.015141752577319588	0.008698453608247423	0.01997422680412371	0.017396907216494846	0.01675257731958763	0.01643041237113402	0.0035438144329896907	0.0032216494845360823	0.014819587628865979	0.35792525773195877	0.011920103092783504	0.009342783505154639
Vietnamese	0.008425145819831496	0.12637718729747247	0.09332469215813351	0.14193130265716136	0.08554763447828904	0.005184705119896306	0.011665586519766688	0.1101749837977965	0.11082307193778354	0.1049902786779002	0.004536616979909268	0.012313674659753726	0.12313674659753726	0.10628645495787427	0.029812054439403757	0.009073233959818535	0.11211924821775761	0.09721322099805574	0.11147116007777058	0.05832793259883344	0.10952689565780946	0.03629293583927414	0.10563836681788723	0.12767336357744652	0.027867790019442645	1.0	0.07777057679844458	0.101749837977965	0.10563836681788723	0.009073233959818535	0.13091380427738172	0.1270252754374595	0.016850291639662993	0.13804277381723914	0.10110174983797797	0.0220349967595593	0.031756318859364877	0.09526895657809462	0.02592352559948153	0.03888528839922229	0.11795204147764096	0.12572909915748542	0.09332469215813351	0.005184705119896306	0.04082955281918341	0.04082955281918341	0.09915748541801685	0.02592352559948153	0.1289695398574206	0.027867790019442645	0.016202203499675955	0.12572909915748542	0.12767336357744652	0.11082307193778354	0.10693454309786131	0.09138042773817238	0.09721322099805574	0.1101749837977965	0.09980557355800389	0.1659105638366818	0.09138042773817238	0.028515878159429683	0.0064808813998703824	0.10239792611795204	0.026571613739468567	0.0220349967595593	0.053791315618924175
Turkish_German	0.002902757619738752	0.1574746008708273	0.19013062409288825	0.2666908563134978	0.05333817126269957	0.0025399129172714078	0.0025399129172714078	0.22351233671988388	0.20573294629898403	0.21008708272859217	0.0021770682148040637	0.0043541364296081275	0.24818577648766327	0.22387518142235124	0.003265602322206096	0.002902757619738752	0.20682148040638607	0.3893323657474601	0.38098693759071117	0.03519593613933237	0.19448476052249636	0.01269956458635704	0.1607402031930334	0.19049346879535559	0.006531204644412192	0.04354136429608128	1.0	0.2013788098693759	0.22242380261248185	0.005805515239477504	0.193033381712627	0.193033381712627	0.0047169811320754715	0.18396226415094338	0.16037735849056603	0.003265602322206096	0.00362844702467344	0.20827285921625543	0.00362844702467344	0.04898403483309144	0.1650943396226415	0.20101596516690856	0.19811320754716982	0.0025399129172714078	0.01269956458635704	0.01269956458635704	0.18650217706821481	0.00362844702467344	0.2202467343976778	0.0050798258345428155	0.003265602322206096	0.19267053701015965	0.23984034833091436	0.20319303338171263	0.18722786647314948	0.19339622641509435	0.12155297532656023	0.20972423802612483	0.12844702467343977	0.15529753265602322	0.1937590711175617	0.03011611030478955	0.003265602322206096	0.21335268505079827	0.0039912917271407835	0.0039912917271407835	0.11103047895500726
Serbian	0.0033085194375516956	0.21753515301902399	0.20926385442514475	0.24979321753515302	0.06782464846980976	0.0022056796250344637	0.004962779156327543	0.1971326164874552	0.22304935208161014	0.674937965260546	0.0019299696719051558	0.005238489109456851	0.2814998621450234	0.2453818582850841	0.014061207609594707	0.0038599393438103115	0.24758753791011856	0.1695616211745244	0.18141714915908463	0.045492142266335814	0.29335539012958367	0.022056796250344637	0.26192445547284254	0.17176730079955888	0.015439757375241246	0.04328646264130135	0.15301902398676592	1.0	0.21863799283154123	0.005514199062586159	0.21367521367521367	0.23435346015991176	0.008547008547008548	0.1968569065343259	0.1907912875654811	0.00964984835952578	0.016818307140887785	0.2145023435346016	0.015164047422111939	0.03336090432864627	0.15357044389302454	0.2657843948166529	0.1731458505652054	0.0022056796250344637	0.028949545078577336	0.028949545078577336	0.2550317066446099	0.01488833746898263	0.23655913978494625	0.013509787703336091	0.006617038875103391	0.31954783567686795	0.2525503170664461	0.28894403087951476	0.15301902398676592	0.1800385993934381	0.14998621450234353	0.48028673835125446	0.12158808933002481	0.14033636614281775	0.1905155776123518	0.022056796250344637	0.0027570995312930797	0.20623104494072236	0.01213123793768955	0.011855527984560243	0.11607389026743865
Danish	0.0037768739105171413	0.18477629285299244	0.18884369552585706	0.2568274259151656	0.08134805345729228	0.0020337013364323067	0.005810575246949448	0.23126089482858803	0.21615339918651946	0.2443346891342243	0.0017431725740848344	0.0055200464846019755	0.26263800116211505	0.24201045903544452	0.014816966879721092	0.004357931435212086	0.2271934921557234	0.21731551423590936	0.17751307379430564	0.0505520046484602	0.23416618245206275	0.022080185938407902	0.1693782684485764	0.16966879721092387	0.01452643811737362	0.047356188262638	0.1780941313190006	0.2303893085415456	1.0	0.004938988959907031	0.20685647879140034	0.21644392794886694	0.009877977919814061	0.21760604299825684	0.1757699012202208	0.010459035444509006	0.01714119697850087	0.37943056362579897	0.011330621731551424	0.031086577571179545	0.17083091226031377	0.23619988378849507	0.22399767576990123	0.0020337013364323067	0.02905287623474724	0.02905287623474724	0.19116792562463683	0.01336432306798373	0.23126089482858803	0.014235909355026147	0.006682161533991865	0.22080185938407904	0.22603137710633353	0.23561882626380012	0.1978500871586287	0.2335851249273678	0.1284137129575828	0.2547937245787333	0.15746658919233003	0.15223707147007554	0.32248692620569436	0.023823358512492735	0.002905287623474724	0.44189424753050555	0.012492736780941312	0.011621150493898896	0.10517141196978501
Telugu	0.02403846153846154	0.04567307692307692	0.05048076923076923	0.04807692307692308	0.038461538461538464	0.016826923076923076	0.019230769230769232	0.04807692307692308	0.05048076923076923	0.04807692307692308	0.014423076923076924	0.019230769230769232	0.04807692307692308	0.052884615384615384	0.021634615384615384	0.02403846153846154	0.04807692307692308	0.038461538461538464	0.04567307692307692	0.03365384615384615	0.04807692307692308	0.02403846153846154	0.036057692307692304	0.05048076923076923	0.02403846153846154	0.03365384615384615	0.038461538461538464	0.04807692307692308	0.040865384615384616	1.0	0.04326923076923077	0.04326923076923077	0.016826923076923076	0.04326923076923077	0.038461538461538464	0.019230769230769232	0.021634615384615384	0.03365384615384615	0.021634615384615384	0.026442307692307692	0.04567307692307692	0.040865384615384616	0.038461538461538464	0.016826923076923076	0.014423076923076924	0.014423076923076924	0.052884615384615384	0.021634615384615384	0.040865384615384616	0.026442307692307692	0.016826923076923076	0.04807692307692308	0.04807692307692308	0.04807692307692308	0.036057692307692304	0.04567307692307692	0.028846153846153848	0.04567307692307692	0.03365384615384615	0.04326923076923077	0.036057692307692304	0.026442307692307692	0.019230769230769232	0.040865384615384616	0.02403846153846154	0.019230769230769232	0.028846153846153848
Catalan	0.002619047619047619	0.3435714285714286	0.185	0.23214285714285715	0.07119047619047619	0.0014285714285714286	0.005	0.20904761904761904	0.16976190476190475	0.20285714285714285	0.0011904761904761906	0.005	0.235	0.1930952380952381	0.015	0.0030952380952380953	0.17214285714285715	0.14833333333333334	0.14595238095238094	0.04214285714285714	0.1988095238095238	0.02119047619047619	0.12976190476190477	0.14476190476190476	0.014047619047619048	0.048095238095238094	0.12666666666666668	0.18452380952380953	0.16952380952380952	0.004285714285714286	1.0	0.3645238095238095	0.009285714285714286	0.25595238095238093	0.24214285714285713	0.009047619047619047	0.019523809523809523	0.1580952380952381	0.012619047619047618	0.02619047619047619	0.15261904761904763	0.2866666666666667	0.15142857142857144	0.0014285714285714286	0.030476190476190476	0.030476190476190476	0.15476190476190477	0.012380952380952381	0.18357142857142858	0.014761904761904763	0.0064285714285714285	0.1742857142857143	0.21047619047619048	0.1980952380952381	0.135	0.14023809523809525	0.20595238095238094	0.1930952380952381	0.14214285714285715	0.15595238095238095	0.16023809523809524	0.02261904761904762	0.002142857142857143	0.16404761904761905	0.013095238095238096	0.012380952380952381	0.16428571428571428
Spanish	0.002548020384163073	0.4053312426499412	0.16307330458643668	0.1928655429243434	0.05782046256370051	0.0015680125441003528	0.003920031360250882	0.1658173265386123	0.13876911015288124	0.17659741277930224	0.0013720109760878088	0.004116032928263426	0.17934143473147784	0.15268522148177185	0.012152097216777734	0.0029400235201881616	0.14915719325754606	0.12112896903175226	0.11858094864758918	0.03626029008232066	0.15836926695413564	0.017444139553116425	0.11211289690317522	0.12485299882399059	0.011368090944727557	0.03841630733045864	0.10427283418267345	0.16660133281066247	0.14602116816934535	0.0035280282242257936	0.30007840062720503	1.0	0.006272050176401411	0.18835750686005487	0.20893767150137202	0.007840062720501764	0.013720109760878087	0.12779302234417875	0.009408075264602116	0.02254018032144257	0.12465699725597805	0.22775382203057626	0.12073696589572716	0.0015680125441003528	0.022148177185417485	0.022148177185417485	0.13759310074480596	0.009408075264602116	0.15876127009016072	0.011564092512740102	0.005292042336338691	0.15268522148177185	0.1781654253234026	0.15503724029792237	0.11054488435907488	0.11877695021560172	0.20638965111720894	0.16758134065072522	0.11015288122304978	0.13445707565660525	0.12485299882399059	0.019404155233241866	0.001960015680125441	0.13406507252058017	0.00999607996863975	0.010192081536652292	0.12348098784790279
Korean	0.00441257584114727	0.01820187534473249	0.014892443463872035	0.01709873138444567	0.03530060672917816	0.003309431880860452	0.006618863761720904	0.010479867622724766	0.019856591285162713	0.018753447324875896	0.003309431880860452	0.00882515168229454	0.01765030336458908	0.02040816326530612	0.015444015444015444	0.005515719801434087	0.01709873138444567	0.020959735245449532	0.02040816326530612	0.019305019305019305	0.01654715940430226	0.015444015444015444	0.009928295642581356	0.01765030336458908	0.014340871483728626	0.014340871483728626	0.007170435741864313	0.01709873138444567	0.018753447324875896	0.003861003861003861	0.02151130722559294	0.01765030336458908	1.0	0.019856591285162713	0.014892443463872035	0.009376723662437948	0.014892443463872035	0.015444015444015444	0.0126861555432984	0.006067291781577496	0.01765030336458908	0.018753447324875896	0.014340871483728626	0.003309431880860452	0.023166023166023165	0.02592388306674021	0.015995587424158852	0.013237727523441808	0.01820187534473249	0.011583011583011582	0.007722007722007722	0.018753447324875896	0.019305019305019305	0.01709873138444567	0.00882515168229454	0.01654715940430226	0.009928295642581356	0.019305019305019305	0.019305019305019305	0.014892443463872035	0.01820187534473249	0.003861003861003861	0.003309431880860452	0.015995587424158852	0.013789299503585218	0.012134583563154992	0.00827357970215113
French	0.003149937001259975	0.1887862242755145	0.12914741705165897	0.26795464090718185	0.07307853842923141	0.0014699706005879883	0.004829903401931962	0.19508609827803444	0.14909701805963882	0.1635867282654347	0.00125997480050399	0.004409911801763965	0.19004619907601847	0.1499370012599748	0.013649727005459892	0.0037799244015119695	0.14447711045779085	0.1364972700545989	0.11969760604787905	0.040109197816043676	0.15035699286014279	0.021629567408651827	0.11087778244435112	0.13334733305333893	0.012809743805123898	0.04472910541789164	0.10646787064258714	0.1499370012599748	0.15728685426291475	0.0037799244015119695	0.22574548509029818	0.2018059638807224	0.007559848803023939	1.0	0.17219655606887863	0.007979840403191937	0.01616967660646787	0.1354472910541789	0.013019739605207897	0.02267954640907182	0.12935741285174296	0.20642587148257036	0.13334733305333893	0.0014699706005879883	0.029609407811843763	0.029609407811843763	0.1348173036539269	0.010919781604367913	0.15350692986140277	0.014279714405711887	0.00629987400251995	0.1497270054598908	0.1732465350692986	0.1518269634607308	0.10541789164216715	0.12977740445191097	0.124737505249895	0.15308693826123476	0.13208735825283494	0.14111717765644688	0.12914741705165897	0.020999580008399833	0.0020999580008399833	0.14741705165896682	0.011759764804703907	0.011759764804703907	0.11633767324653507
Italian	0.003687121411640769	0.2741638135370029	0.17066104819594416	0.21938372399262576	0.05636028443508033	0.0018435607058203845	0.005003950487226758	0.19594416644719514	0.16908085330524097	0.20121148274953912	0.0015801948907031868	0.0039504872267579665	0.2470371345799315	0.17382143797735053	0.013431656570977087	0.004477218856992362	0.1672372925994206	0.1432710034237556	0.12746905451672372	0.03476428759547011	0.17750855938899132	0.019489070318672638	0.1190413484329734	0.13642349223070846	0.012904924940742692	0.041085067158282855	0.11640769028180142	0.18224914406110088	0.15933631814590465	0.004213853041875165	0.2678430339741901	0.2807479589149328	0.0071108770081643406	0.21595996839610218	1.0	0.009217803529101922	0.014748485646563076	0.1540690018435607	0.010534632604687911	0.021859362654727415	0.14142744271793523	0.2818014221754016	0.1427442717935212	0.0018435607058203845	0.026863313141954174	0.026863313141954174	0.14906505135633394	0.010271266789570714	0.16117987885172505	0.013431656570977087	0.006847511193047142	0.1516987095075059	0.19489070318672636	0.1788253884645773	0.11588095865156703	0.13589676060047406	0.17171451145641295	0.18804319199367922	0.12220173821437977	0.13774032130629443	0.14011061364234922	0.031340531998946534	0.00237029233605478	0.15670265999473268	0.010797998419805109	0.0118514616802739	0.16434026863313142
Uyghur	0.02843601895734597	0.1018957345971564	0.07582938388625593	0.0995260663507109	0.13270142180094788	0.014218009478672985	0.030805687203791468	0.023696682464454975	0.08293838862559241	0.09004739336492891	0.011848341232227487	0.037914691943127965	0.0924170616113744	0.08056872037914692	0.07819905213270142	0.03317535545023697	0.07345971563981042	0.0971563981042654	0.0971563981042654	0.0924170616113744	0.08767772511848342	0.08530805687203792	0.035545023696682464	0.08767772511848342	0.08530805687203792	0.08056872037914692	0.02132701421800948	0.08293838862559241	0.08530805687203792	0.018957345971563982	0.09004739336492891	0.0947867298578199	0.04028436018957346	0.09004739336492891	0.08293838862559241	1.0	0.7962085308056872	0.08767772511848342	0.6421800947867299	0.018957345971563982	0.07345971563981042	0.0947867298578199	0.06635071090047394	0.014218009478672985	0.07819905213270142	0.07819905213270142	0.08056872037914692	0.07819905213270142	0.09004739336492891	0.07345971563981042	0.6516587677725119	0.08056872037914692	0.0995260663507109	0.0947867298578199	0.03317535545023697	0.07109004739336493	0.04265402843601896	0.08293838862559241	0.08293838862559241	0.07819905213270142	0.0924170616113744	0.011848341232227487	0.018957345971563982	0.07819905213270142	0.07345971563981042	0.07109004739336493	0.04028436018957346
Arabic	0.005104043973301924	0.0325873576756969	0.02198665096191598	0.026698076168040832	0.0475068708284256	0.002355712603062426	0.007067137809187279	0.0035335689045936395	0.025520219866509618	0.027483313702394974	0.0019630938358853552	0.007067137809187279	0.02198665096191598	0.022771888496270123	0.023949744797801334	0.005889281507656066	0.016489988221436984	0.026698076168040832	0.02630545740086376	0.02630545740086376	0.02591283863368669	0.02512760109933255	0.005889281507656066	0.02198665096191598	0.02198665096191598	0.019238319591676482	0.0039261876717707105	0.023949744797801334	0.023164507263447192	0.0035335689045936395	0.03219473890851983	0.027483313702394974	0.01060070671378092	0.030231645072634473	0.02198665096191598	0.13191990577149587	1.0	0.021594032194738908	0.26933647428347074	0.0039261876717707105	0.016489988221436984	0.028268551236749116	0.016097369454259915	0.002355712603062426	0.03180212014134275	0.03180212014134275	0.02198665096191598	0.023164507263447192	0.027090694935217905	0.020416175893207697	0.2956419316843345	0.021594032194738908	0.02944640753828033	0.024734982332155476	0.006674519042010208	0.020416175893207697	0.01060070671378092	0.02630545740086376	0.02591283863368669	0.01884570082449941	0.022771888496270123	0.002355712603062426	0.0035335689045936395	0.02198665096191598	0.02237926972909305	0.01845308205732234	0.009815469179426776
Norwegian_(Nynorsk)	0.004930966469428008	0.1942800788954635	0.20019723865877712	0.2646285338593031	0.06804733727810651	0.0026298487836949377	0.006245890861275477	0.22518080210387903	0.252465483234714	0.267258382642998	0.0023011176857330702	0.005917159763313609	0.28205128205128205	0.2593688362919132	0.015779092702169626	0.004930966469428008	0.2603550295857988	0.22452333990795528	0.18080210387902695	0.047337278106508875	0.25410913872452334	0.023668639053254437	0.1722550953320184	0.1765285996055227	0.017422748191978962	0.048323471400394474	0.18869165023011178	0.25575279421433267	0.42932281393819854	0.0046022353714661405	0.2182774490466798	0.2143326758711374	0.009204470742932281	0.21203155818540434	0.19230769230769232	0.012163050624589087	0.018080210387902695	1.0	0.013806706114398421	0.03451676528599606	0.18080210387902695	0.23865877712031558	0.2412886259040105	0.0026298487836949377	0.028928336620644313	0.028928336620644313	0.1992110453648915	0.013149243918474688	0.24687705456936226	0.014464168310322156	0.008547008547008548	0.22485207100591717	0.257396449704142	0.2485207100591716	0.25805391190006577	0.26199868507560814	0.13083497698882315	0.26331360946745563	0.14891518737672585	0.15943458251150558	0.3668639053254438	0.025312294543063774	0.0029585798816568047	0.5029585798816568	0.012491781722550954	0.012163050624589087	0.11932938856015779
Urdu	0.006020066889632107	0.04080267558528428	0.028762541806020066	0.03812709030100334	0.05284280936454849	0.004013377926421404	0.010702341137123745	0.007357859531772575	0.036120401337792644	0.03545150501672241	0.0033444816053511705	0.010702341137123745	0.036120401337792644	0.025418060200668897	0.028093645484949834	0.008695652173913044	0.024080267558528427	0.03411371237458194	0.034782608695652174	0.03678929765886288	0.04013377926421405	0.032107023411371234	0.012040133779264214	0.0294314381270903	0.02608695652173913	0.026755852842809364	0.006688963210702341	0.03678929765886288	0.02608695652173913	0.006020066889632107	0.03545150501672241	0.032107023411371234	0.015384615384615385	0.04147157190635452	0.026755852842809364	0.18127090301003346	0.4588628762541806	0.028093645484949834	1.0	0.006688963210702341	0.024749163879598662	0.03411371237458194	0.024749163879598662	0.004013377926421404	0.03745819397993311	0.03745819397993311	0.034782608695652174	0.031438127090301006	0.033444816053511704	0.025418060200668897	0.6060200668896321	0.03277591973244147	0.04147157190635452	0.034782608695652174	0.010033444816053512	0.028762541806020066	0.016722408026755852	0.03076923076923077	0.03277591973244147	0.028093645484949834	0.0294314381270903	0.0046822742474916385	0.005351170568561873	0.025418060200668897	0.0274247491638796	0.022073578595317726	0.016722408026755852
Kurmanji	0.03076923076923077	0.3423076923076923	0.40384615384615385	0.6	0.18461538461538463	0.023076923076923078	0.038461538461538464	0.49615384615384617	0.4423076923076923	0.49615384615384617	0.019230769230769232	0.03461538461538462	0.573076923076923	0.4346153846153846	0.046153846153846156	0.03461538461538462	0.47307692307692306	0.4115384615384615	0.5230769230769231	0.20384615384615384	0.43846153846153846	0.06153846153846154	0.4076923076923077	0.49615384615384617	0.05384615384615385	0.23076923076923078	0.5192307692307693	0.4653846153846154	0.4115384615384615	0.04230769230769231	0.4230769230769231	0.4423076923076923	0.04230769230769231	0.4153846153846154	0.3192307692307692	0.03076923076923077	0.038461538461538464	0.40384615384615385	0.038461538461538464	1.0	0.4307692307692308	0.4653846153846154	0.41923076923076924	0.023076923076923078	0.06538461538461539	0.06538461538461539	0.4076923076923077	0.04230769230769231	0.49230769230769234	0.03461538461538462	0.03076923076923077	0.4269230769230769	0.5192307692307693	0.45	0.38461538461538464	0.4346153846153846	0.3423076923076923	0.5346153846153846	0.29615384615384616	0.34615384615384615	0.4115384615384615	0.12307692307692308	0.023076923076923078	0.4076923076923077	0.038461538461538464	0.046153846153846156	0.23461538461538461
Welsh	0.005766458433445459	0.26814031715521386	0.2542047092743873	0.40028832292167227	0.0913022585295531	0.0038443056222969728	0.0076886112445939455	0.31667467563671314	0.2734262373858722	0.2753483901970207	0.003363767419509851	0.008649687650168188	0.3253243632868813	0.25901009130225855	0.017299375300336376	0.007208073041806823	0.29120615088899565	0.25180201826045173	0.2229697260932244	0.06102835175396444	0.28351753964440174	0.028351753964440174	0.2157616530514176	0.24795771263815472	0.019221528111484865	0.08745795290725612	0.21864488226814033	0.2676597789524267	0.2825564632388275	0.00913022585295531	0.30802498798654493	0.30562229697260934	0.015377222489187891	0.2960115329168669	0.2580490148966843	0.014896684286400768	0.020182604517059107	0.2642960115329169	0.0177799135031235	0.05382027871215762	1.0	0.3099471407976934	0.24363286881307064	0.0038443056222969728	0.03700144161460836	0.03700144161460836	0.2873618452666987	0.0177799135031235	0.2657376261412782	0.02114368092263335	0.012013455069678039	0.25901009130225855	0.32820759250360404	0.2652570879384911	0.2407496395963479	0.26477654973570397	0.19942335415665546	0.2748678519942335	0.2003844305622297	0.3099471407976934	0.25708793849111006	0.0422873618452667	0.004805382027871216	0.2715040845747237	0.014416146083613647	0.015377222489187891	0.17299375300336375
Romanian	0.004313831221353465	0.32191965489350227	0.22971151253707198	0.27231059584793743	0.08169317875438123	0.0021569156106767324	0.006201132380695605	0.25020221083850097	0.2076031275276355	0.2763548126179563	0.0018873011593421407	0.0056619034780264225	0.2768940415206255	0.2267457535723915	0.015368023726071718	0.005122674575357239	0.22539768131571852	0.18010245349150714	0.17713669452682665	0.0477217578862227	0.2545160420598544	0.023995686168778646	0.16770018873011594	0.17659746562415746	0.016176867080075492	0.05230520355891076	0.1493664060393637	0.25990833108654626	0.2191965489350229	0.004583445672688056	0.3246157994068482	0.31329199245079536	0.009166891345376111	0.26503100566190346	0.2884874629280129	0.010784578053383662	0.01941224049609059	0.19574009166891346	0.013750337018064168	0.032623348611485574	0.17390132111081155	1.0	0.1873820436775411	0.0021569156106767324	0.03343219196548935	0.03343219196548935	0.20544621191695875	0.013480722566729577	0.20922081423564304	0.018064168239417634	0.008088433540037746	0.22108385009436507	0.25101105419250475	0.2491237530331626	0.1496360204906983	0.18306821245618765	0.19897546508492855	0.25397681315718523	0.15826368293340523	0.19277433270423294	0.1809112968455109	0.028848746292801295	0.0026961445133459154	0.20140199514693988	0.013750337018064168	0.013211108115394984	0.1978970072795902
Dutch	0.0039075219798111365	0.18365353305112342	0.18886356235753826	0.24715076522305438	0.07098664929990231	0.0026050146532074245	0.005861282969716704	0.22956691631390427	0.19081732334744383	0.21361120156300878	0.0022793878215564964	0.005535656138065777	0.24226636274829047	0.22142624552263107	0.013025073266037121	0.00488440247476392	0.20058612829697167	0.21751872354281993	0.15955714750895475	0.043308368609573426	0.20253988928687724	0.021165744057310323	0.15141647671768155	0.17258222077499186	0.014001953760989906	0.046890263757733634	0.1777922500814067	0.20449365027678282	0.2510582872028655	0.005210029306414849	0.20709866492999024	0.20058612829697167	0.008466297622924128	0.2067730380983393	0.176489742754803	0.009117551286225985	0.013350700097688049	0.23901009443178117	0.012048192771084338	0.035493324649951155	0.1650928036470205	0.22631064799739498	1.0	0.0026050146532074245	0.02800390752197981	0.02800390752197981	0.19211983067404753	0.011722565939433409	0.20416802344513188	0.012373819602735266	0.006838163464669489	0.19960924780201889	0.22631064799739498	0.20709866492999024	0.1569521328557473	0.37316834907196356	0.13285574731357863	0.21165744057310323	0.1484858352328232	0.14099641810485183	0.20449365027678282	0.022142624552263106	0.0032562683165092803	0.2393357212634321	0.012373819602735266	0.010420058612829698	0.11429501790947574
Komi_Zyrian	0.7874015748031497	0.03937007874015748	0.05511811023622047	0.05511811023622047	0.06299212598425197	0.3858267716535433	0.047244094488188976	0.047244094488188976	0.06299212598425197	0.05511811023622047	0.3543307086614173	0.6141732283464567	0.06299212598425197	0.06299212598425197	0.047244094488188976	0.4015748031496063	0.06299212598425197	0.05511811023622047	0.06299212598425197	0.7637795275590551	0.05511811023622047	0.05511811023622047	0.05511811023622047	0.06299212598425197	0.6614173228346457	0.06299212598425197	0.05511811023622047	0.06299212598425197	0.05511811023622047	0.05511811023622047	0.047244094488188976	0.06299212598425197	0.047244094488188976	0.05511811023622047	0.05511811023622047	0.047244094488188976	0.047244094488188976	0.06299212598425197	0.047244094488188976	0.047244094488188976	0.06299212598425197	0.06299212598425197	0.06299212598425197	1.0	0.047244094488188976	0.047244094488188976	0.06299212598425197	0.05511811023622047	0.06299212598425197	0.7795275590551181	0.031496062992125984	0.06299212598425197	0.05511811023622047	0.06299212598425197	0.05511811023622047	0.05511811023622047	0.05511811023622047	0.06299212598425197	0.06299212598425197	0.06299212598425197	0.05511811023622047	0.05511811023622047	0.05511811023622047	0.06299212598425197	0.6220472440944882	0.047244094488188976	0.03937007874015748
Chinese_(Simplified)	0.0030959752321981426	0.05749668288367979	0.04467049977885891	0.04599734630694383	0.5453339230429014	0.0026536930561698365	0.008403361344537815	0.02786377708978328	0.0513047324192835	0.04953560371517028	0.0022114108801415304	0.006634232640424591	0.05263157894736842	0.042459088898717384	0.02697921273772667	0.003980539584254755	0.03449800973020787	0.04909332153914197	0.05263157894736842	0.04157452454666077	0.048651039363113664	0.02830605926581159	0.01813356921716055	0.03759398496240601	0.022114108801415303	0.02786377708978328	0.015479876160990712	0.04643962848297214	0.044228217602830605	0.0026536930561698365	0.05661211853162318	0.04997788589119859	0.018575851393188854	0.062361786819991154	0.045112781954887216	0.0145953118089341	0.03582485625829279	0.038920831490490936	0.02476780185758514	0.007518796992481203	0.034055727554179564	0.05484298982750995	0.03803626713843432	0.0026536930561698365	1.0	0.6983635559486953	0.042459088898717384	0.024325519681556832	0.045112781954887216	0.020344980097302078	0.009730207872622734	0.044228217602830605	0.06457319770013269	0.04643962848297214	0.021671826625386997	0.03494029190623618	0.02565236620964175	0.048651039363113664	0.04953560371517028	0.04467049977885891	0.04113224237063246	0.007076514816452897	0.0022114108801415304	0.04024767801857585	0.020787262273330383	0.022998673153471916	0.01813356921716055
Chinese_(Traditional)	0.003034243606415258	0.05635023840485479	0.043779800606848725	0.045080190723883834	0.6731686172518422	0.002600780234070221	0.0082358040745557	0.027308192457737322	0.05028175119202427	0.04854789770264413	0.002167316861725184	0.006501950585175552	0.05158214130905939	0.04161248374512354	0.026441265713047248	0.0039011703511053317	0.033810143042912875	0.04811443433029909	0.05158214130905939	0.04074555700043346	0.04768097095795405	0.027741655830082357	0.017771998266146512	0.03684438664932813	0.021673168617251843	0.027308192457737322	0.01517121803207629	0.045513654096228866	0.043346337234503686	0.002600780234070221	0.055483311660164715	0.04898136107498916	0.02037277850021673	0.0611183355006502	0.044213263979193757	0.014304291287386216	0.035110533159947985	0.03814477676636324	0.024273948851322065	0.007368877329865626	0.03337667967056784	0.05374945817078457	0.03727785002167317	0.002600780234070221	0.6844386649328131	1.0	0.04161248374512354	0.023840485478977026	0.044213263979193757	0.019939315127871695	0.00953619419159081	0.043346337234503686	0.06328565236237538	0.045513654096228866	0.021239705244906804	0.03424360641525791	0.025140875596012136	0.04768097095795405	0.04854789770264413	0.043779800606848725	0.04031209362808843	0.006935413957520589	0.002167316861725184	0.03944516688339835	0.02037277850021673	0.022540095361941917	0.017771998266146512
Polish	0.003812316715542522	0.19002932551319648	0.187683284457478	0.2436950146627566	0.0686217008797654	0.002346041055718475	0.005278592375366569	0.19941348973607037	0.193841642228739	0.2868035190615836	0.0020527859237536657	0.0061583577712609975	0.25483870967741934	0.19912023460410558	0.012903225806451613	0.004398826979472141	0.19296187683284458	0.16392961876832846	0.1501466275659824	0.04809384164222874	0.2434017595307918	0.01994134897360704	0.218475073313783	0.17829912023460412	0.015249266862170088	0.044868035190615836	0.15073313782991202	0.27126099706744866	0.19296187683284458	0.0064516129032258064	0.1906158357771261	0.2058651026392962	0.008504398826979473	0.18826979472140762	0.16598240469208211	0.00997067448680352	0.016422287390029325	0.17771260997067448	0.015249266862170088	0.031085043988269796	0.175366568914956	0.22346041055718474	0.17302052785923755	0.002346041055718475	0.0281524926686217	0.0281524926686217	1.0	0.01378299120234604	0.2155425219941349	0.01466275659824047	0.006744868035190616	0.2665689149560117	0.21964809384164222	0.23049853372434018	0.13988269794721409	0.1785923753665689	0.12639296187683285	0.27126099706744866	0.12463343108504399	0.14868035190615836	0.16744868035190616	0.02258064516129032	0.002932551319648094	0.17360703812316716	0.012903225806451613	0.012023460410557185	0.10997067448680352
Tamil	0.014686248331108143	0.0774365821094793	0.056074766355140186	0.0520694259012016	0.102803738317757	0.009345794392523364	0.025367156208277702	0.010680907877169559	0.07076101468624833	0.06675567423230974	0.00801068090787717	0.021361815754339118	0.06008010680907877	0.05740987983978638	0.06275033377837116	0.017356475300400534	0.044058744993324434	0.06542056074766354	0.07343124165554073	0.06542056074766354	0.06809078771695594	0.05473965287049399	0.018691588785046728	0.05740987983978638	0.056074766355140186	0.0534045393858478	0.01335113484646195	0.07209612817089453	0.06141522029372497	0.012016021361815754	0.06942590120160214	0.06408544726301736	0.03204272363150868	0.06942590120160214	0.0520694259012016	0.044058744993324434	0.0787716955941255	0.0534045393858478	0.06275033377837116	0.014686248331108143	0.049399198931909215	0.06675567423230974	0.04806408544726302	0.009345794392523364	0.07343124165554073	0.07343124165554073	0.06275033377837116	1.0	0.06542056074766354	0.056074766355140186	0.029372496662216287	0.06275033377837116	0.07209612817089453	0.06675567423230974	0.021361815754339118	0.050734312416555405	0.029372496662216287	0.06141522029372497	0.06542056074766354	0.0534045393858478	0.06275033377837116	0.00801068090787717	0.012016021361815754	0.0534045393858478	0.05473965287049399	0.04806408544726302	0.029372496662216287
Hungarian	0.0033435497353023124	0.20730008358874338	0.20144887155196434	0.26776260796879353	0.06993591529674004	0.0022290331568682086	0.005572582892170521	0.18946781833379772	0.23070493173585957	0.24853719699080523	0.0019504040122596824	0.005293953747561995	0.25466703817219283	0.24324324324324326	0.013931457230426303	0.004179437169127891	0.25745332961827805	0.18250208971858456	0.1891891891891892	0.04430203399275564	0.22039565338534411	0.02117581499024798	0.2075787127333519	0.17999442741710783	0.015045973808860406	0.05544719977709668	0.1691278907773753	0.23906380607411534	0.22178879910838672	0.004736695458344943	0.2148230704931736	0.2256896071329061	0.00919476177208136	0.20367790470883254	0.17052103650041794	0.01058790749512399	0.019225410977988296	0.20925048760100307	0.013931457230426303	0.03566453050989134	0.15408191696851492	0.21621621621621623	0.17470047366954583	0.0022290331568682086	0.028420172750069656	0.028420172750069656	0.20479242128726666	0.013652828085817777	1.0	0.013652828085817777	0.006687099470604625	0.2602396210643633	0.23599888548342157	0.2362775146280301	0.20395653385344106	0.1744218445249373	0.14460852605182503	0.24658679297854555	0.11813875731401505	0.18779604346614656	0.2022847589857899	0.023683477291724715	0.0027862914460852605	0.20897185845639454	0.012816940651992199	0.01058790749512399	0.10643633324045695
Russian	0.27432885906040266	0.01901565995525727	0.013702460850111857	0.014261744966442953	0.01901565995525727	0.04138702460850112	0.0041946308724832215	0.006431767337807606	0.015100671140939598	0.015100671140939598	0.03243847874720358	0.10458612975391499	0.01621923937360179	0.014261744966442953	0.010626398210290829	0.055089485458612975	0.01174496644295302	0.015659955257270694	0.015380313199105145	0.25894854586129756	0.015939597315436243	0.012304250559284116	0.006431767337807606	0.015100671140939598	0.3724832214765101	0.012024608501118568	0.0039149888143176735	0.013702460850111857	0.013702460850111857	0.003076062639821029	0.017337807606263984	0.016498881431767337	0.00587248322147651	0.01901565995525727	0.014261744966442953	0.008668903803131992	0.0145413870246085	0.012304250559284116	0.010626398210290829	0.0025167785234899327	0.012304250559284116	0.01873601789709172	0.010626398210290829	0.027684563758389263	0.012863534675615212	0.012863534675615212	0.013982102908277404	0.01174496644295302	0.013702460850111857	1.0	0.00587248322147651	0.0145413870246085	0.017897091722595078	0.014261744966442953	0.006711409395973154	0.013422818791946308	0.008668903803131992	0.013982102908277404	0.016498881431767337	0.013702460850111857	0.013982102908277404	0.0022371364653243847	0.002796420581655481	0.014261744966442953	0.36269574944071586	0.009787472035794184	0.008389261744966443
Persian_(Farsi)	0.005190311418685121	0.016724336793540944	0.015570934256055362	0.020184544405997693	0.021337946943483274	0.002306805074971165	0.004036908881199538	0.0057670126874279125	0.014994232987312572	0.014994232987312572	0.002306805074971165	0.005190311418685121	0.0132641291810842	0.015570934256055362	0.01384083044982699	0.0057670126874279125	0.011534025374855825	0.016724336793540944	0.016724336793540944	0.016147635524798153	0.01441753171856978	0.01441753171856978	0.006920415224913495	0.01730103806228374	0.0132641291810842	0.01441753171856978	0.005190311418685121	0.01384083044982699	0.0132641291810842	0.004036908881199538	0.015570934256055362	0.015570934256055362	0.008073817762399077	0.01730103806228374	0.014994232987312572	0.15859284890426759	0.4342560553633218	0.014994232987312572	0.5224913494809689	0.00461361014994233	0.01441753171856978	0.01730103806228374	0.012110726643598616	0.002306805074971165	0.012687427912341407	0.012687427912341407	0.0132641291810842	0.012687427912341407	0.01384083044982699	0.012110726643598616	1.0	0.01441753171856978	0.01845444059976932	0.014994232987312572	0.006343713956170703	0.01384083044982699	0.010957324106113034	0.016147635524798153	0.01441753171856978	0.011534025374855825	0.016147635524798153	0.0028835063437139563	0.0034602076124567475	0.012687427912341407	0.012687427912341407	0.010380622837370242	0.006920415224913495
Czech	0.003520173300839426	0.20281613864067155	0.16815597075548336	0.24911995667479014	0.07581911724884917	0.002166260492824262	0.004603303547251557	0.1852152721364744	0.2057947468183049	0.33008394259409696	0.0018954779312212293	0.005957216355266721	0.2437043054427295	0.2082317898727322	0.015163823449769834	0.003520173300839426	0.2282696994313566	0.16328188464662877	0.16571892770105606	0.04982399133495803	0.2515569997292174	0.020579474681830492	0.3463308962902789	0.15732466829136205	0.014080693203357704	0.05253181695098836	0.1437855402112104	0.31383698889791495	0.2057947468183049	0.005415651232060655	0.19821283509341997	0.21093961548876253	0.009206607094503114	0.19306796642296237	0.15597075548334688	0.009206607094503114	0.014893040888166802	0.1852152721364744	0.013268345518548606	0.030056864337936636	0.14595180070403466	0.22204170051448688	0.16598971026265907	0.002166260492824262	0.027078256160303276	0.027078256160303276	0.24614134849715677	0.01272678039534254	0.2529109125372326	0.014080693203357704	0.006769564040075819	1.0	0.21445978878960195	0.2488491741131871	0.16788518819388032	0.17005144868670458	0.12997562956945571	0.33983211481180614	0.12185215272136475	0.16517736257784998	0.18359057676685622	0.021933387489845652	0.0027078256160303275	0.17790414297319251	0.011914432710533442	0.01272678039534254	0.09937720010831302
Indonesian	0.0031397174254317113	0.18636465575241085	0.1989235254541377	0.24624355236600134	0.09441578829333931	0.001794124243103835	0.004036779546983628	0.21439784705090828	0.21282798833819241	0.2271809822830231	0.0013455931823278763	0.0051581071989235255	0.24826194213949315	0.21933168871944383	0.014577259475218658	0.0038125140165956493	0.20722135007849293	0.17201166180758018	0.1749271137026239	0.04732002691186365	0.21462211258129626	0.023323615160349854	0.13837183224938326	0.18098228302309935	0.013680197353666742	0.04418030948643194	0.14823951558645437	0.2054272258353891	0.17447858264184796	0.004485310607759588	0.19825072886297376	0.20385736712267324	0.007849293563579277	0.18501906257008296	0.16595649248710473	0.009419152276295133	0.016819914779098454	0.17559991029378785	0.013904462884054721	0.030275846602377216	0.1531733572549899	0.2087912087912088	0.15586454361964566	0.0015698587127158557	0.03274276743664499	0.03274276743664499	0.16797488226059654	0.012110338640950886	0.18995290423861852	0.01435299394483068	0.00717649697241534	0.17761830006727966	1.0	0.19914779098452567	0.14016595649248711	0.1661807580174927	0.1280556178515362	0.2130522538685804	0.13074680421619198	0.14958510876878223	0.15788293339313747	0.017044180309486432	0.002018389773491814	0.17649697241533976	0.012334604171338866	0.011886073110562907	0.10876878223816999
Latvian	0.005257623554153523	0.2551699964949176	0.25376796354714337	0.3161584297230985	0.08412197686645637	0.0028040658955485456	0.007360672975814932	0.2386961093585699	0.30459165790396076	0.38240448650543285	0.0024535576586049773	0.0070101647388713636	0.3557658604977217	0.3357868909919383	0.016824395373291272	0.005608131791097091	0.32246757798808273	0.21906764808973012	0.23273746933052927	0.05958640028040659	0.4363827549947424	0.028040658955485454	0.25692253767963547	0.2211706975113915	0.01962846126883982	0.05993690851735016	0.19628461268839817	0.3673326323168594	0.2842621801612338	0.0070101647388713636	0.2916228531370487	0.27725201542236244	0.010865755345250614	0.25341745531019977	0.2379950928846828	0.014020329477742727	0.022082018927444796	0.26498422712933756	0.018226428321065545	0.04100946372239748	0.19348054679284962	0.323869610935857	0.22292323869610936	0.0028040658955485456	0.03680336487907466	0.03680336487907466	0.2754994742376446	0.01752541184717841	0.2972309849281458	0.017875920084121977	0.009113214160532773	0.32211706975113913	0.31125131440588855	1.0	0.21976866456361724	0.23519102698913424	0.17209954433929198	0.3687346652646337	0.15106905012267788	0.1973361373992289	0.24815983175604628	0.028040658955485454	0.0035050823694356818	0.2628811777076761	0.015772870662460567	0.015772870662460567	0.14581142656852436
Icelandic	0.004403131115459882	0.25293542074363995	0.23336594911937378	0.3478473581213307	0.0611545988258317	0.003424657534246575	0.004892367906066536	0.26614481409001955	0.324853228962818	0.29158512720156554	0.0029354207436399216	0.0053816046966731895	0.34637964774951074	0.3312133072407045	0.007338551859099804	0.004403131115459882	0.34442270058708413	0.24021526418786693	0.23874755381604695	0.05039138943248532	0.30724070450097846	0.01761252446183953	0.2583170254403131	0.262720156555773	0.009784735812133072	0.08072407045009784	0.25244618395303325	0.27152641878669276	0.33317025440313114	0.007338551859099804	0.2773972602739726	0.2759295499021526	0.007827788649706457	0.2455968688845401	0.21526418786692758	0.00684931506849315	0.008317025440313111	0.3840508806262231	0.007338551859099804	0.04892367906066536	0.24510763209393346	0.27152641878669276	0.23581213307240703	0.003424657534246575	0.023972602739726026	0.023972602739726026	0.23336594911937378	0.007827788649706457	0.35812133072407043	0.011741682974559686	0.0053816046966731895	0.30332681017612523	0.30577299412915854	0.3067514677103718	1.0	0.2602739726027397	0.17270058708414873	0.2974559686888454	0.15949119373776907	0.2710371819960861	0.33317025440313114	0.03522504892367906	0.004892367906066536	0.3458904109589041	0.00684931506849315	0.005870841487279843	0.13894324853228962
Afrikaans	0.004419889502762431	0.20699815837937385	0.20294659300184162	0.29244935543278083	0.08287292817679558	0.002578268876611418	0.0066298342541436465	0.23867403314917127	0.25451197053407	0.25082872928176797	0.0022099447513812156	0.006998158379373849	0.2847145488029466	0.28250460405156536	0.019152854511970532	0.005156537753222836	0.24125230202578268	0.2574585635359116	0.18268876611418047	0.05561694290976059	0.2585635359116022	0.027992633517495397	0.17569060773480663	0.2121546961325967	0.01731123388581952	0.051933701657458566	0.19631675874769797	0.24051565377532227	0.29613259668508285	0.006998158379373849	0.21694290976058933	0.22320441988950276	0.011049723756906077	0.2276243093922652	0.19005524861878453	0.011049723756906077	0.019152854511970532	0.29355432780847146	0.01583793738489871	0.04162062615101289	0.20294659300184162	0.25009208103130753	0.4220994475138122	0.002578268876611418	0.029097605893186003	0.029097605893186003	0.22430939226519336	0.013996316758747698	0.23057090239410682	0.017679558011049725	0.008839779005524863	0.2313075506445672	0.2729281767955801	0.24714548802946593	0.19594843462246778	1.0	0.14769797421731123	0.24898710865561693	0.16537753222836096	0.16427255985267036	0.24493554327808473	0.024677716390423574	0.003683241252302026	0.2968692449355433	0.016206261510128914	0.01289134438305709	0.1311233885819521
Portuguese	0.00299625468164794	0.4322097378277154	0.18576779026217227	0.24082397003745318	0.07041198501872659	0.0026217228464419477	0.004119850187265918	0.20224719101123595	0.17265917602996256	0.21273408239700375	0.0022471910112359553	0.004119850187265918	0.2202247191011236	0.18314606741573033	0.010861423220973783	0.0033707865168539327	0.17827715355805243	0.15617977528089888	0.14157303370786517	0.04157303370786517	0.18764044943820224	0.015730337078651686	0.14794007490636704	0.15655430711610488	0.010112359550561797	0.056179775280898875	0.1254681647940075	0.20374531835205992	0.1655430711610487	0.0044943820224719105	0.32397003745318353	0.3943820224719101	0.006741573033707865	0.22247191011235956	0.2441947565543071	0.006741573033707865	0.010112359550561797	0.149063670411985	0.009363295880149813	0.03333333333333333	0.15543071161048688	0.27640449438202247	0.15280898876404495	0.0026217228464419477	0.021722846441947566	0.021722846441947566	0.16142322097378278	0.008239700374531835	0.1943820224719101	0.011610486891385767	0.007116104868913857	0.1797752808988764	0.21385767790262172	0.18389513108614233	0.13220973782771536	0.150187265917603	1.0	0.20187265917602995	0.13333333333333333	0.1752808988764045	0.1445692883895131	0.031086142322097377	0.0033707865168539327	0.15617977528089888	0.008988764044943821	0.007116104868913857	0.149812734082397
Slovenian	0.004297994269340974	0.22435530085959884	0.22464183381088826	0.2830945558739255	0.08911174785100287	0.002292263610315186	0.006303724928366762	0.22378223495702007	0.24727793696275072	0.5289398280802292	0.0020057306590257878	0.006017191977077364	0.30802292263610315	0.26131805157593124	0.015472779369627506	0.004871060171919771	0.26160458452722063	0.1839541547277937	0.1977077363896848	0.05472779369627507	0.30773638968481376	0.023209169054441262	0.29169054441260744	0.1871060171919771	0.017765042979942695	0.04871060171919771	0.1656160458452722	0.4991404011461318	0.25128939828080227	0.0054441260744985676	0.232378223495702	0.24498567335243554	0.01002865329512894	0.20888252148997136	0.20458452722063036	0.01002865329512894	0.019197707736389683	0.22951289398280803	0.013180515759312322	0.03982808022922636	0.16389684813753583	0.2699140401146132	0.18624641833810887	0.002292263610315186	0.03151862464183381	0.03151862464183381	0.26504297994269344	0.013180515759312322	0.25358166189111747	0.014326647564469915	0.008022922636103151	0.35959885386819485	0.2722063037249284	0.301432664756447	0.17421203438395416	0.19369627507163323	0.15444126074498568	1.0	0.13982808022922635	0.16160458452722062	0.2148997134670487	0.024068767908309457	0.0028653295128939827	0.22406876790830946	0.013467048710601719	0.01174785100286533	0.11031518624641834
English	0.004867872044506259	0.1835883171070932	0.14777468706536856	0.23157162726008346	0.1060500695410292	0.0027816411682892906	0.007301808066759388	0.46453407510431155	0.14916550764951322	0.17524339360222532	0.0024339360222531293	0.007301808066759388	0.21974965229485396	0.1519471488178025	0.019471488178025034	0.005563282336578581	0.1449930458970793	0.16828929068150209	0.1411682892906815	0.06258692628650904	0.15611961057023643	0.027121001390820583	0.10535465924895689	0.14534075104311545	0.018776077885952713	0.05354659248956885	0.12308762169680111	0.15333796940194716	0.18845618915159945	0.004867872044506259	0.2075799721835883	0.19541029207232266	0.012169680111265646	0.2187065368567455	0.16133518776077885	0.012169680111265646	0.02294853963838665	0.1575104311543811	0.017037552155771907	0.026773296244784424	0.1449930458970793	0.2041029207232267	0.15855354659248957	0.0027816411682892906	0.03894297635605007	0.03894297635605007	0.14777468706536856	0.017037552155771907	0.1474269819193324	0.02051460361613352	0.008692628650904033	0.1564673157162726	0.20271210013908206	0.14986091794158554	0.1133518776077886	0.15611961057023643	0.12378303198887343	0.16968011126564672	1.0	0.14847009735744088	0.14603616133518776	0.024687065368567455	0.0034770514603616135	0.17211404728789986	0.014951321279554937	0.015994436717663423	0.1060500695410292
Irish	0.005960568546538285	0.30261348005502064	0.23796423658872076	0.36542870243007797	0.11691884456671252	0.0036680421824850985	0.00871160018340211	0.2801467216872994	0.2650160476845484	0.26593305823016966	0.0032095369096744614	0.00871160018340211	0.29802842732691426	0.27556166895919304	0.019715726730857405	0.005960568546538285	0.31636863823933975	0.22833562585969738	0.21962402567629527	0.07427785419532325	0.26226501604768454	0.03255387436955525	0.22512608895002292	0.22375057313159102	0.02384227418615314	0.11737734983952315	0.19624025676295279	0.2333791838606144	0.24025676295277396	0.008253094910591471	0.30032095369096745	0.3145346171480972	0.012379642365887207	0.3081155433287483	0.23979825767996332	0.015130674002751032	0.02200825309491059	0.2223750573131591	0.01925722145804677	0.04126547455295736	0.29573590096286106	0.32783127005960566	0.19853278312700595	0.0036680421824850985	0.04630903255387437	0.04630903255387437	0.2324621733149931	0.018340210912425492	0.30903255387436956	0.02246675836772123	0.009170105456212746	0.27968821641448877	0.3058230169646951	0.2581384685923888	0.2540119211370931	0.20449335167354424	0.21458046767537828	0.2585969738651995	0.19578175149014213	1.0	0.21549747822099954	0.04126547455295736	0.004585052728106373	0.22420907840440166	0.016506189821182942	0.017881705639614855	0.15359926639156352
Swedish	0.004214963119072708	0.20056199508254302	0.19353705655075518	0.2753775904460836	0.07165437302423604	0.0024587284861257463	0.006322444678609062	0.228310502283105	0.2553565156304882	0.2514927994380049	0.002107481559536354	0.0066736916051984545	0.2946961714085002	0.2753775904460836	0.0182648401826484	0.004214963119072708	0.24868282402528977	0.23076923076923078	0.1963470319634703	0.051633298208640675	0.24903407095187918	0.02388479100807868	0.17632595714787497	0.1693010186160871	0.01791359325605901	0.04952581664910432	0.18756585879873552	0.24271162627327011	0.3898840885142255	0.005268703898840885	0.23638918159466105	0.2237442922374429	0.011591148577449948	0.2160168598524763	0.18686336494555672	0.0136986301369863	0.020372321742184757	0.39199157007376184	0.015454864769933263	0.03758342114506498	0.1879171057253249	0.23568668774148227	0.2205830698981384	0.0024587284861257463	0.032665964172813484	0.032665964172813484	0.20056199508254302	0.01650860554970144	0.25500526870389884	0.017562346329469618	0.009834913944502985	0.23814541622760801	0.24727783631893221	0.24868282402528977	0.23919915700737618	0.23357920618194591	0.13558131366350545	0.26343519494204426	0.1475237091675448	0.1650860554970144	1.0	0.02599227256761503	0.003161222339304531	0.3765367053038286	0.017211099402880226	0.01510361784334387	0.128907622058307
Ligurian	0.038461538461538464	0.5164835164835165	0.36813186813186816	0.5879120879120879	0.17032967032967034	0.038461538461538464	0.038461538461538464	0.510989010989011	0.46703296703296704	0.4725274725274725	0.03296703296703297	0.04395604395604396	0.5274725274725275	0.45604395604395603	0.03296703296703297	0.038461538461538464	0.47802197802197804	0.3791208791208791	0.41208791208791207	0.14835164835164835	0.4340659340659341	0.04945054945054945	0.42857142857142855	0.46153846153846156	0.06043956043956044	0.24175824175824176	0.45604395604395603	0.43956043956043955	0.45054945054945056	0.06043956043956044	0.521978021978022	0.5439560439560439	0.038461538461538464	0.5494505494505495	0.6538461538461539	0.027472527472527472	0.03296703296703297	0.4230769230769231	0.038461538461538464	0.17582417582417584	0.4835164835164835	0.5879120879120879	0.37362637362637363	0.038461538461538464	0.08791208791208792	0.08791208791208792	0.4230769230769231	0.03296703296703297	0.46703296703296704	0.04395604395604396	0.027472527472527472	0.44505494505494503	0.4175824175824176	0.43956043956043955	0.3956043956043956	0.36813186813186816	0.45604395604395603	0.46153846153846156	0.3901098901098901	0.4945054945054945	0.4065934065934066	1.0	0.038461538461538464	0.4340659340659341	0.038461538461538464	0.027472527472527472	0.35714285714285715
Marathi	0.017928286852589643	0.01593625498007968	0.0199203187250996	0.013944223107569721	0.017928286852589643	0.013944223107569721	0.8027888446215139	0.01195219123505976	0.0199203187250996	0.017928286852589643	0.01195219123505976	0.01593625498007968	0.0199203187250996	0.0199203187250996	0.017928286852589643	0.01593625498007968	0.017928286852589643	0.0199203187250996	0.0199203187250996	0.0199203187250996	0.01593625498007968	0.017928286852589643	0.01593625498007968	0.0199203187250996	0.0199203187250996	0.0199203187250996	0.017928286852589643	0.0199203187250996	0.0199203187250996	0.01593625498007968	0.017928286852589643	0.0199203187250996	0.01195219123505976	0.0199203187250996	0.017928286852589643	0.01593625498007968	0.017928286852589643	0.017928286852589643	0.01593625498007968	0.01195219123505976	0.0199203187250996	0.0199203187250996	0.0199203187250996	0.013944223107569721	0.0099601593625498	0.0099601593625498	0.0199203187250996	0.017928286852589643	0.0199203187250996	0.0199203187250996	0.01195219123505976	0.0199203187250996	0.017928286852589643	0.0199203187250996	0.0199203187250996	0.0199203187250996	0.017928286852589643	0.0199203187250996	0.0199203187250996	0.0199203187250996	0.017928286852589643	0.013944223107569721	1.0	0.0199203187250996	0.017928286852589643	0.01195219123505976	0.013944223107569721
Norwegian_(Bokmal)	0.004693366708385482	0.18961201501877348	0.1964956195244055	0.25062578222778475	0.06320400500625782	0.0025031289111389237	0.006257822277847309	0.2237171464330413	0.2409261576971214	0.24061326658322904	0.002190237797246558	0.005944931163954944	0.2647058823529412	0.24780976220275344	0.012202753441802253	0.004693366708385482	0.24436795994993743	0.21839799749687108	0.1846057571964956	0.04536921151439299	0.23060075093867335	0.02409261576971214	0.16896120150187735	0.17177722152690864	0.014392991239048811	0.04943679599499374	0.18397997496871088	0.23404255319148937	0.47590738423028783	0.005319148936170213	0.2155819774718398	0.21401752190237797	0.009073842302878598	0.21964956195244056	0.18617021276595744	0.01032540675844806	0.017521902377972465	0.4787234042553192	0.011889862327909888	0.03316645807259074	0.17678347934918648	0.233729662077597	0.2299749687108886	0.0025031289111389237	0.028473091364205255	0.028473091364205255	0.18523153942428036	0.012515644555694618	0.2346683354192741	0.015957446808510637	0.00688360450563204	0.2055694618272841	0.2462453066332916	0.2346683354192741	0.22121401752190237	0.2521902377972466	0.1304755944931164	0.24468085106382978	0.1548811013767209	0.15300375469336672	0.3354192740926158	0.02471839799749687	0.0031289111389236545	1.0	0.010638297872340425	0.011889862327909888	0.11639549436795996
Bulgarian	0.34673366834170855	0.023031825795644893	0.016331658291457288	0.017169179229480736	0.032663316582914576	0.06072026800670017	0.00628140703517588	0.005025125628140704	0.020938023450586266	0.02051926298157454	0.042294807370184255	0.13944723618090452	0.018006700167504188	0.02219430485762144	0.020938023450586266	0.06993299832495813	0.015494137353433836	0.02219430485762144	0.021775544388609715	0.3098827470686767	0.02219430485762144	0.018844221105527637	0.006700167504187605	0.017587939698492462	0.4652428810720268	0.017169179229480736	0.0046063651591289785	0.018425460636515914	0.018006700167504188	0.0041876046901172526	0.023031825795644893	0.02135678391959799	0.010469011725293133	0.023450586264656615	0.017169179229480736	0.012981574539363484	0.02386934673366834	0.015912897822445562	0.017169179229480736	0.0041876046901172526	0.01256281407035176	0.02135678391959799	0.015912897822445562	0.0330820770519263	0.01968174204355109	0.01968174204355109	0.018425460636515914	0.017169179229480736	0.019262981574539362	0.5431323283082077	0.009212730318257957	0.018425460636515914	0.023031825795644893	0.018844221105527637	0.005862646566164154	0.018425460636515914	0.010050251256281407	0.01968174204355109	0.018006700167504188	0.01507537688442211	0.02051926298157454	0.002931323283082077	0.0037688442211055275	0.01423785594639866	1.0	0.01423785594639866	0.008375209380234505
Armenian	0.011204481792717087	0.05042016806722689	0.03361344537815126	0.040149393090569564	0.0700280112044818	0.0056022408963585435	0.012138188608776844	0.012138188608776844	0.040149393090569564	0.04481792717086835	0.004668534080298786	0.014005602240896359	0.04295051353874883	0.040149393090569564	0.04295051353874883	0.013071895424836602	0.02707749766573296	0.04668534080298786	0.04668534080298786	0.04855275443510738	0.04201680672268908	0.036414565826330535	0.014005602240896359	0.04295051353874883	0.03454715219421102	0.031746031746031744	0.01027077497665733	0.040149393090569564	0.03734827264239029	0.007469654528478058	0.04855275443510738	0.04855275443510738	0.02054154995331466	0.05228758169934641	0.04201680672268908	0.028011204481792718	0.04388422035480859	0.03454715219421102	0.03081232492997199	0.011204481792717087	0.029878618113912233	0.0457516339869281	0.029878618113912233	0.0056022408963585435	0.04855275443510738	0.04855275443510738	0.03828197945845005	0.03361344537815126	0.035480859010270774	0.032679738562091505	0.01680672268907563	0.04388422035480859	0.04948646125116713	0.04201680672268908	0.011204481792717087	0.032679738562091505	0.017740429505135387	0.03828197945845005	0.04295051353874883	0.036414565826330535	0.040149393090569564	0.004668534080298786	0.0056022408963585435	0.035480859010270774	0.031746031746031744	1.0	0.01680672268907563
Latin	0.004006868918145392	0.3783629078420149	0.24384659416141957	0.32169433314253004	0.04979965655409273	0.0028620492272467086	0.0045792787635947334	0.2976531196336577	0.2484258729250143	0.2615912993703492	0.0022896393817973667	0.006296508299942759	0.31425300515168864	0.2615912993703492	0.01316542644533486	0.005151688609044075	0.2455638236977676	0.18431597023468804	0.17229536348025187	0.0412135088723526	0.28448769318832284	0.018317115054378934	0.15970234688036633	0.19576416714367487	0.01659988551803091	0.04751001717229536	0.17515741270749857	0.24098454493417287	0.20721236405266172	0.006868918145392101	0.3949627933600458	0.3606182026330853	0.008586147681740127	0.31711505437893533	0.35718374356038923	0.009730967372638809	0.014310246136233544	0.20778477389811104	0.014310246136233544	0.034917000572409845	0.20606754436176303	0.42014882655981683	0.20091585575271895	0.0028620492272467086	0.02346880366342301	0.02346880366342301	0.21465369204350315	0.012593016599885518	0.21866056096164854	0.017172295363480253	0.006868918145392101	0.21007441327990842	0.27761877504293075	0.23812249570692615	0.16256439610761306	0.20377790497996565	0.2289639381797367	0.22037779049799658	0.17458500286204923	0.19175729822552948	0.21007441327990842	0.03720663995420721	0.004006868918145392	0.21293646250715512	0.011448196908986834	0.01030337721808815	1.0
